
--
-- Déchargement des données de la table `role`
--

INSERT INTO `role` (`id`, `name`, `authorities`, `is_active`) VALUES
(1, 'Admin visualisation', '', 1),
(2, 'Responsable achat F/s', '', 1),
(3, 'chef magasinier', 'menu:dashboard,menu:stock,menu:customer_sale,app_param:setting,invoice_showroom:list,stock_entry:print,stock_entry:add,stock_entry:update,stock_entry:list,stock_output:print,stock_output:add,stock_output:list,transfer:print,transfer:add,transfer:update,transfer:list,transfer:validate,transfer:cancel,stock_movement:list,stock_movement:print,depotage:print,depotage:add,depotage:update,depotage:list,depotage:validate,bill_of_lading:add,bill_of_lading:update,bill_of_lading:list,customer_order:add,customer_order:update,customer_order:list,customer_order:delete,customer_order:delivery,customer_order:print,delivery:add,delivery:list,delivery:detail,delivery:print_voucher,delivery:print_invoice,delivery:add_asset,asset:add,asset:update,asset:detail,asset:lister,asset:print_invoice,sale_history:list,invoice_showroom:add,invoice_showroom:detail,invoice_showroom:print_invoice,invoice_showroom:print_liste,transport_vehicle:add,transport_vehicle:update,transport_vehicle:list,driver:add,driver:update,driver:list,shipper:add,shipper:update,shipper:list,port:add,port:update,port:list,carrier:add,carrier:update,carrier:list,stock:article_list,bill_of_lading:export_to_excel,invoice_showroom:asset,dashboard:customer_order,dashboard:transfer,dashboard:depotage_to_validate,dashboard:stock_entry_to_consolidate,dashboard:supplier_order,dashboard:container_in_sea', 1),
(4, 'magasinier', '', 1),
(5, 'Responsable commercial', 'menu:dashboard,menu:article,menu:stock,menu:customer,menu:customer_sale,menu:customer_invoice,menu_after_sale_service,menu_statistic,invoice_showroom:list,article:update,article:list,article:catalogue,article:customer_catalogue,article:customer_catalogue_by_family,article:stock_state,article: exporte_to_excel,article:stock_qty,article_family:add,article_family:update,article_family:list,article_sub_family:add,article_sub_family:update,article_sub_family:list,stock_entry:list,stock_output:list,transfer:print,transfer:add,transfer:update,transfer:list,transfer:validate,transfer:cancel,transfer: detail,stock_movement:list,stock_movement:print,depot_inventory:list,depot_inventory:detail,customer_inventory:list,customer_inventory:detail,supplier_order_stock:list,customer:add,customer:update,customer:list,customer:detail,promotion:add,promotion:update,promotion:list,promotion:detail,estimate:add,estimate:update,estimate:list,estimate:delete,estimate:detail,estimate:print,customer_order:add,customer_order:update,customer_order:list,customer_order:delete,customer_order:delivery,customer_order:print,customer_order:detail,delivery:add,delivery:list,delivery:invoiced,delivery:detail,delivery:print_voucher,delivery:print_invoice,delivery:add_asset,asset:add,asset:detail,asset:lister,asset:print_invoice,sale_history:list,sale_history:print,invoice_showroom:add,invoice_showroom:detail,invoice_showroom:print_invoice,invoice_showroom:print_liste,invoice_customer:add,invoice_customer:update,invoice_customer:list,invoice_customer:detail,invoice_customer:print_invoice,invoice_customer:print_list,invoice_relaunch:list,invoice_relaunch:print_list,stock:article_list,invoice_showroom:asset', 1),
(6, 'commercial', '', 1),
(7, 'Gerant showroom', 'menu:dashboard,menu:stock,menu:inventory,menu:customer_sale,menu:customer_invoice,invoice_showroom:list,article:stock_qty,transfer:list,transfer:validate,transfer:cancel,transfer: detail,transfer:print_voucher,stock_movement:list,stock_movement:print,depot_inventory:print,depot_inventory:list,depot_inventory:detail,customer_order:add,customer_order:list,customer_order:delivery,delivery:add,delivery:list,delivery:detail,delivery:print_voucher,asset:add,asset:update,asset:detail,asset:lister,invoice_showroom:add,invoice_showroom:detail,invoice_showroom:print_invoice,stock:article_list,dashboard:transfer', 1),
(8, 'Inventoriste', 'menu:dashboard,menu:inventory,inventory_planification:list,inventory_planning:make_as_perform,depot_inventory:print,depot_inventory:add,depot_inventory:update,depot_inventory:list,depot_inventory:detail,customer_inventory:print,customer_inventory:add,customer_inventory:update,customer_inventory:list,customer_inventory:detail,dashboard:inventory_to_perform,dashboard:inventory_to_consolidate', 1),
(9, 'Collecteur de fonds', 'menu:dashboard,menu:cash_register,cash_register:list,expense:add,expense:list,fundraising:add,fundraising:list', 1),
(10, 'Caissier', 'menu:dashboard,menu:cash_register,cash_register:list,cash_register:print,company_charge:add,company_charge:update,company_charge:list,expense:add,expense:update,expense:list,fundraising:add,fundraising:update,fundraising:list,fundraising:print_list,cash_book:list,cash_book:print,cash_register_entry_type:list,cash_register_entry_type:add,cash_register_entry_type:update,bank:add,bank:update,bank:list,expense:print', 1),
(11, 'Operateur de saisie', 'menu:dashboard,menu:customer_sale,menu:customer_invoice,invoice_showroom:list,invoice_showroom:add,invoice_showroom:detail,invoice_showroom:print_invoice', 1),
(12, 'Utilisateur', NULL, 1);


--
-- Déchargement des données de la table `user`
--

INSERT INTO `user` (`id`, `user_id`, `first_name`, `last_name`, `username`, `password`, `email`, `tel`, `depot_id`, `profile_image_url`, `last_login_date`, `last_login_date_display`, `join_date`, `role`, `role_ids`, `authorities`, `is_active`, `is_not_locked`, `password_must_be_change`) VALUES
(1, '1234567891', 'Abdallah', 'Reda', 'Kenzo761', '$2a$10$7ohEe44YWDHbULmG351QweFeU0ko6LzfLoDK..KJmCSA1Ca7ULaqK', 'kenzo1918@hotmail.com', '0707610000', 0, NULL, NULL, NULL, '2021-09-07 00:00:00', NULL, '1', 'aucun', 1, 1, 1),
(2, '1234567892', 'Ali', 'Abdel Reda ', 'RAli770', '$2a$10$7ohEe44YWDHbULmG351QweFeU0ko6LzfLoDK..KJmCSA1Ca7ULaqK', 'Eib4@hotmail.com', '0707700000', 0, NULL, NULL, NULL, '2021-09-08 00:00:00', 'Responsable achat F/s', '2', 'aucun', 1, 1, 1),
(3, '1234567893', 'Amine', 'Bouayad', 'BAmine973', '$2a$10$7ohEe44YWDHbULmG351QweFeU0ko6LzfLoDK..KJmCSA1Ca7ULaqK', 'Biblos.amb@gmail.com', '0789738203', 0, NULL, NULL, NULL, '2021-09-09 00:00:00', 'chef magasinier', '3', 'aucun', 1, 1, 1),
(4, '1234567894', 'Zeina', 'Jazzini ', 'JZeina203', '$2a$10$7ohEe44YWDHbULmG351QweFeU0ko6LzfLoDK..KJmCSA1Ca7ULaqK', 'Zeina@biblos.ci', '0747000203', 0, NULL, NULL, NULL, '2021-09-10 00:00:00', 'Caissier', '10', 'aucun', 1, 1, 1),
(5, '1234567895', 'FATOUMATA', 'ILBOUDO ', 'IFatoumata374', '$2a$10$7ohEe44YWDHbULmG351QweFeU0ko6LzfLoDK..KJmCSA1Ca7ULaqK', 'Fatreussite56@gmail.com', '0707657374', 0, NULL, NULL, NULL, '2021-09-11 00:00:00', 'Operateur de saisie', '11', 'aucun', 1, 1, 1),
(6, '1234567896', ' MAHMOUD ', 'BOUAYAD', 'BMahamoud771', '$2a$10$7ohEe44YWDHbULmG351QweFeU0ko6LzfLoDK..KJmCSA1Ca7ULaqK', 'Bouayad.mahmoud@gmail.com', '0757719296', 0, NULL, NULL, NULL, '2021-09-12 00:00:00', 'Responsable commercial', '5', 'aucun', 1, 1, 1),
(7, '1234567897', 'JEAN CLAUDE', 'AIDO', 'JCAido715', '$2a$10$7ohEe44YWDHbULmG351QweFeU0ko6LzfLoDK..KJmCSA1Ca7ULaqK', 'jcalemiel@yahoo.fr', '0707715080', 3, NULL, NULL, NULL, '2021-09-13 00:00:00', 'Gerant depot', '7', 'aucun', 1, 1, 1),
(8, '1234567898', 'Emmanuel', 'Bret', 'BEmmanuel980', '$2a$10$7ohEe44YWDHbULmG351QweFeU0ko6LzfLoDK..KJmCSA1Ca7ULaqK', 'Bretys@gmail.com', '0709808400', 0, NULL, NULL, NULL, '2021-09-14 00:00:00', 'Inventoriste', '8', 'aucun', 1, 1, 1),
(9, '1234567899', 'Commercial', '2', 'AgentCom192', '$2a$10$7ohEe44YWDHbULmG351QweFeU0ko6LzfLoDK..KJmCSA1Ca7ULaqK', 'Unkown1@biblos.test', '0000000000', 0, NULL, NULL, NULL, '2021-09-15 00:00:00', 'Collecteur', '9', 'aucun', 1, 1, 1),
(10, '1234567810', 'Sharp', 'Magasin', 'MSharp296', '$2a$10$7ohEe44YWDHbULmG351QweFeU0ko6LzfLoDK..KJmCSA1Ca7ULaqK', 'Unkown2@biblos.test', '0000000001', 0, NULL, NULL, NULL, '2021-09-16 00:00:00', 'Collecteur', '9', 'aucun', 1, 1, 1),
(11, '1234567811', 'Youssef', 'Marocain', 'MYoussef575', '$2a$10$7ohEe44YWDHbULmG351QweFeU0ko6LzfLoDK..KJmCSA1Ca7ULaqK', 'Unkown3@biblos.test', '0000000002', 0, NULL, NULL, NULL, '2021-09-17 00:00:00', 'Collecteur', '9', 'aucun', 1, 1, 1),
(12, '1234567812', 'Giselle', '.', 'Giselle896', '$2a$10$7ohEe44YWDHbULmG351QweFeU0ko6LzfLoDK..KJmCSA1Ca7ULaqK', 'Unkown4@biblos.test', '1000000004', 0, NULL, NULL, NULL, '2021-09-08 13:44:06', 'Utilisateur', '12', 'aucun', 0, 0, 1),
(13, '1234567813', 'Clark', 'Georges', 'Cgeorges961', '$2a$10$7ohEe44YWDHbULmG351QweFeU0ko6LzfLoDK..KJmCSA1Ca7ULaqK', 'Unkown5@biblos.test', '1000000005', 0, NULL, NULL, NULL, '2021-09-08 13:44:26', 'Utilisateur', '12', 'aucun', 0, 0, 1),
(14, '1234567814', 'Zineb', '.', 'zineb325', '$2a$10$f1do4sedGjIm.aWeWagL2ephGEVNrLHuXLIGn1WWECWquFTYLDKnK', 'Atsemathurinollele@gmail.com', '1000000006', 27, NULL, '2021-09-22 20:05:47', '2021-09-22 19:41:29', '2021-09-08 13:44:09', 'Responsable commercial', '5', 'menu:dashboard,menu:article,menu:stock,menu:customer,menu:customer_sale,menu:customer_invoice,menu_after_sale_service,menu_statistic,invoice_showroom:list,article:update,article:list,article:catalogue,article:customer_catalogue,article:customer_catalogue_by_family,article:stock_state,article: exporte_to_excel,article:stock_qty,article_family:add,article_family:update,article_family:list,article_sub_family:add,article_sub_family:update,article_sub_family:list,stock_entry:list,stock_output:list,transfer:print,transfer:add,transfer:update,transfer:list,transfer:validate,transfer:cancel,transfer: detail,stock_movement:list,stock_movement:print,depot_inventory:list,depot_inventory:detail,customer_inventory:list,customer_inventory:detail,supplier_order_stock:list,customer:add,customer:update,customer:list,customer:detail,promotion:add,promotion:update,promotion:list,promotion:detail,estimate:add,estimate:update,estimate:list,estimate:delete,estimate:detail,estimate:print,customer_order:add,customer_order:update,customer_order:list,customer_order:delete,customer_order:delivery,customer_order:print,customer_order:detail,delivery:add,delivery:list,delivery:invoiced,delivery:detail,delivery:print_voucher,delivery:print_invoice,delivery:add_asset,asset:add,asset:detail,asset:lister,asset:print_invoice,sale_history:list,sale_history:print,invoice_showroom:add,invoice_showroom:detail,invoice_showroom:print_invoice,invoice_showroom:print_liste,invoice_customer:add,invoice_customer:update,invoice_customer:list,invoice_customer:detail,invoice_customer:print_invoice,invoice_customer:print_list,invoice_relaunch:list,invoice_relaunch:print_list,stock:article_list,invoice_showroom:asset', 1, 1, 0),
(15, '1234567815', 'Hassan', 'Bourgi', 'Hassan782', '$2a$10$7ohEe44YWDHbULmG351QweFeU0ko6LzfLoDK..KJmCSA1Ca7ULaqK', 'Unkown7@biblos.test', '1000000007', 0, NULL, NULL, NULL, '2021-09-08 13:44:11', 'chef magasinier', '3', 'menu:dashboard,menu:stock,menu:customer_sale,app_param:setting,invoice_showroom:list,stock_entry:print,stock_entry:add,stock_entry:update,stock_entry:list,stock_output:print,stock_output:add,stock_output:list,transfer:print,transfer:add,transfer:update,transfer:list,transfer:validate,transfer:cancel,stock_movement:list,stock_movement:print,depotage:print,depotage:add,depotage:update,depotage:list,depotage:validate,bill_of_lading:add,bill_of_lading:update,bill_of_lading:list,customer_order:add,customer_order:update,customer_order:list,customer_order:delete,customer_order:delivery,customer_order:print,delivery:add,delivery:list,delivery:detail,delivery:print_voucher,delivery:print_invoice,delivery:add_asset,asset:add,asset:update,asset:detail,asset:lister,asset:print_invoice,sale_history:list,invoice_showroom:add,invoice_showroom:detail,invoice_showroom:print_invoice,invoice_showroom:print_liste,transport_vehicle:add,transport_vehicle:update,transport_vehicle:list,driver:add,driver:update,driver:list,shipper:add,shipper:update,shipper:list,port:add,port:update,port:list,carrier:add,carrier:update,carrier:list,stock:article_list,bill_of_lading:export_to_excel,invoice_showroom:asset,dashboard:customer_order,dashboard:transfer,dashboard:depotage_to_validate,dashboard:stock_entry_to_consolidate,dashboard:supplier_order,dashboard:container_in_sea', 1, 0, 1),
(16, '1234567816', 'Reda', 'Reda', 'Reda147', '$2a$10$7ohEe44YWDHbULmG351QweFeU0ko6LzfLoDK..KJmCSA1Ca7ULaqK', 'Unkown8@biblos.test', '1000000008', 0, NULL, NULL, NULL, '2021-09-08 13:44:16', 'Utilisateur', '12', 'aucun', 1, 0, 1),
(17, '1234567817', 'Ar', 'Youssef', 'youssefar258', '$2a$10$7ohEe44YWDHbULmG351QweFeU0ko6LzfLoDK..KJmCSA1Ca7ULaqK', 'Unkown9@biblos.test', '1000000009', 0, NULL, NULL, NULL, '2021-09-08 13:44:19', 'Utilisateur', '12', 'aucun', 1, 0, 1),
(18, '1234567818', '(operateur de saisie)', 'Menzan', 'menzan369', '$2a$10$7ohEe44YWDHbULmG351QweFeU0ko6LzfLoDK..KJmCSA1Ca7ULaqK', 'Unkown10@biblos.test', '1000000010', 0, NULL, NULL, NULL, '2021-09-08 13:44:21', 'Utilisateur', '12', 'aucun', 1, 0, 1),
(19, '1234567819', 'Ibrahim', 'Mourad', 'ibrahim741', '$2a$10$7ohEe44YWDHbULmG351QweFeU0ko6LzfLoDK..KJmCSA1Ca7ULaqK', 'Unkown11@biblos.test', '1000000011', 0, NULL, NULL, NULL, '2021-09-08 13:44:23', 'chef magasinier', '3', 'menu:dashboard,menu:stock,menu:customer_sale,app_param:setting,invoice_showroom:list,stock_entry:print,stock_entry:add,stock_entry:update,stock_entry:list,stock_output:print,stock_output:add,stock_output:list,transfer:print,transfer:add,transfer:update,transfer:list,transfer:validate,transfer:cancel,stock_movement:list,stock_movement:print,depotage:print,depotage:add,depotage:update,depotage:list,depotage:validate,bill_of_lading:add,bill_of_lading:update,bill_of_lading:list,customer_order:add,customer_order:update,customer_order:list,customer_order:delete,customer_order:delivery,customer_order:print,delivery:add,delivery:list,delivery:detail,delivery:print_voucher,delivery:print_invoice,delivery:add_asset,asset:add,asset:update,asset:detail,asset:lister,asset:print_invoice,sale_history:list,invoice_showroom:add,invoice_showroom:detail,invoice_showroom:print_invoice,invoice_showroom:print_liste,transport_vehicle:add,transport_vehicle:update,transport_vehicle:list,driver:add,driver:update,driver:list,shipper:add,shipper:update,shipper:list,port:add,port:update,port:list,carrier:add,carrier:update,carrier:list,stock:article_list,bill_of_lading:export_to_excel,invoice_showroom:asset,dashboard:customer_order,dashboard:transfer,dashboard:depotage_to_validate,dashboard:stock_entry_to_consolidate,dashboard:supplier_order,dashboard:container_in_sea', 1, 0, 1),
(20, '5917522234', 'Racha', 'Zaidan', 'R.971', '$2a$10$j8BJubJnf/4N/bao2VGPcOZqdeaFDEs.FREs2ihz6fXlyXK8QsWfS', 'Unkwon12@gmail.com', '1000000012', 0, NULL, NULL, NULL, '2021-09-10 13:59:01', 'Operateur de saisie', '11', 'menu:dashboard,menu:customer_sale,menu:customer_invoice,invoice_showroom:list,invoice_showroom:add,invoice_showroom:detail,invoice_showroom:print_invoice', 1, 1, 1),
(21, '1234567821', 'REMBLAIS', 'SHOWROOM KOUMASSI ', 'SHremblais967', '$2a$10$7ohEe44YWDHbULmG351QweFeU0ko6LzfLoDK..KJmCSA1Ca7ULaqK', 'Unkown13@biblos.test', '1000000013', 33, NULL, '2021-09-10 13:59:01', NULL, '2021-09-10 13:59:01', 'Gerant showroom', '7', 'menu:dashboard,menu:stock,menu:inventory,menu:customer_sale,menu:customer_invoice,invoice_showroom:list,article:stock_qty,transfer:list,transfer:validate,transfer:cancel,transfer: detail,transfer:print_voucher,stock_movement:list,stock_movement:print,depot_inventory:print,depot_inventory:list,depot_inventory:detail,customer_order:add,customer_order:list,customer_order:delivery,delivery:add,delivery:list,delivery:detail,delivery:print_voucher,asset:add,asset:update,asset:detail,asset:lister,invoice_showroom:add,invoice_showroom:detail,invoice_showroom:print_invoice,stock:article_list,dashboard:transfer', 1, 0, 1),
(22, '1234567822', ' PALMRAIE', 'SHOWROOM RIVIERA', 'SHpalmerais672', '$2a$10$7ohEe44YWDHbULmG351QweFeU0ko6LzfLoDK..KJmCSA1Ca7ULaqK', 'Unkown14@biblos.test', '1000000014', 32, NULL, '2021-09-10 13:59:01', NULL, '2021-09-10 13:59:01', 'Gerant showroom', '7', 'menu:dashboard,menu:stock,menu:inventory,menu:customer_sale,menu:customer_invoice,invoice_showroom:list,article:stock_qty,transfer:list,transfer:validate,transfer:cancel,transfer: detail,transfer:print_voucher,stock_movement:list,stock_movement:print,depot_inventory:print,depot_inventory:list,depot_inventory:detail,customer_order:add,customer_order:list,customer_order:delivery,delivery:add,delivery:list,delivery:detail,delivery:print_voucher,asset:add,asset:update,asset:detail,asset:lister,invoice_showroom:add,invoice_showroom:detail,invoice_showroom:print_invoice,stock:article_list,dashboard:transfer', 1, 0, 1),
(23, '1234567823', 'GRAND CARREFOUR', 'SHOWROOM KOUMASSI ', 'SHangre263', '$2a$10$7ohEe44YWDHbULmG351QweFeU0ko6LzfLoDK..KJmCSA1Ca7ULaqK', 'Unkown15@biblos.test', '1000000015', 31, NULL, '2021-09-10 13:59:01', NULL, '2021-09-10 13:59:01', 'Gerant showroom', '7', 'menu:dashboard,menu:stock,menu:inventory,menu:customer_sale,menu:customer_invoice,invoice_showroom:list,article:stock_qty,transfer:list,transfer:validate,transfer:cancel,transfer: detail,transfer:print_voucher,stock_movement:list,stock_movement:print,depot_inventory:print,depot_inventory:list,depot_inventory:detail,customer_order:add,customer_order:list,customer_order:delivery,delivery:add,delivery:list,delivery:detail,delivery:print_voucher,asset:add,asset:update,asset:detail,asset:lister,invoice_showroom:add,invoice_showroom:detail,invoice_showroom:print_invoice,stock:article_list,dashboard:transfer', 1, 0, 1),
(24, '1234567824', ' (MROUE)', 'SHOWROOM ANGRE CHATEAU D\'EAU', 'SHadjame548', '$2a$10$7ohEe44YWDHbULmG351QweFeU0ko6LzfLoDK..KJmCSA1Ca7ULaqK', 'Unkown16@biblos.test', '1000000016', 30, NULL, '2021-09-10 13:59:01', NULL, '2021-09-10 13:59:01', 'Gerant showroom', '7', 'menu:dashboard,menu:stock,menu:inventory,menu:customer_sale,menu:customer_invoice,invoice_showroom:list,article:stock_qty,transfer:list,transfer:validate,transfer:cancel,transfer: detail,transfer:print_voucher,stock_movement:list,stock_movement:print,depot_inventory:print,depot_inventory:list,depot_inventory:detail,customer_order:add,customer_order:list,customer_order:delivery,delivery:add,delivery:list,delivery:detail,delivery:print_voucher,asset:add,asset:update,asset:detail,asset:lister,invoice_showroom:add,invoice_showroom:detail,invoice_showroom:print_invoice,stock:article_list,dashboard:transfer', 1, 0, 1),
(25, '1234567825', ' ST MICHEL', 'SHOWROOM ADJAME', 'SHadjame976', '$2a$10$7ohEe44YWDHbULmG351QweFeU0ko6LzfLoDK..KJmCSA1Ca7ULaqK', 'Unkown17@biblos.test', '1000000017', 29, NULL, '2021-09-10 13:59:01', NULL, '2021-09-10 13:59:01', 'Gerant showroom', '7', 'menu:dashboard,menu:stock,menu:inventory,menu:customer_sale,menu:customer_invoice,invoice_showroom:list,article:stock_qty,transfer:list,transfer:validate,transfer:cancel,transfer: detail,transfer:print_voucher,stock_movement:list,stock_movement:print,depot_inventory:print,depot_inventory:list,depot_inventory:detail,customer_order:add,customer_order:list,customer_order:delivery,delivery:add,delivery:list,delivery:detail,delivery:print_voucher,asset:add,asset:update,asset:detail,asset:lister,invoice_showroom:add,invoice_showroom:detail,invoice_showroom:print_invoice,stock:article_list,dashboard:transfer', 1, 0, 1),
(26, '1234567826', ' (BLACK)', 'SHOWROOM ADJAME GARE', 'SHblack264', '$2a$10$7ohEe44YWDHbULmG351QweFeU0ko6LzfLoDK..KJmCSA1Ca7ULaqK', 'Unkown18@biblos.test', '1000000018', 28, NULL, '2021-09-10 13:59:01', NULL, '2021-09-10 13:59:01', 'Gerant showroom', '7', 'menu:dashboard,menu:stock,menu:inventory,menu:customer_sale,menu:customer_invoice,invoice_showroom:list,article:stock_qty,transfer:list,transfer:validate,transfer:cancel,transfer: detail,transfer:print_voucher,stock_movement:list,stock_movement:print,depot_inventory:print,depot_inventory:list,depot_inventory:detail,customer_order:add,customer_order:list,customer_order:delivery,delivery:add,delivery:list,delivery:detail,delivery:print_voucher,asset:add,asset:update,asset:detail,asset:lister,invoice_showroom:add,invoice_showroom:detail,invoice_showroom:print_invoice,stock:article_list,dashboard:transfer', 1, 0, 1),
(27, '1234567827', ' (SYLLA MAMADOU)', 'SHOWROOM ABOBO', 'SHabobo745', '$2a$10$7ohEe44YWDHbULmG351QweFeU0ko6LzfLoDK..KJmCSA1Ca7ULaqK', 'Unkown19@biblos.test', '1000000019', 23, NULL, '2021-09-10 13:59:01', NULL, '2021-09-10 13:59:01', 'Gerant showroom', '7', 'menu:dashboard,menu:stock,menu:inventory,menu:customer_sale,menu:customer_invoice,invoice_showroom:list,article:stock_qty,transfer:list,transfer:validate,transfer:cancel,transfer: detail,transfer:print_voucher,stock_movement:list,stock_movement:print,depot_inventory:print,depot_inventory:list,depot_inventory:detail,customer_order:add,customer_order:list,customer_order:delivery,delivery:add,delivery:list,delivery:detail,delivery:print_voucher,asset:add,asset:update,asset:detail,asset:lister,invoice_showroom:add,invoice_showroom:detail,invoice_showroom:print_invoice,stock:article_list,dashboard:transfer', 1, 0, 1),
(28, '1234567828', 'CHU', 'SHOWROOM YOPOUGON ', 'SHyoupougon419', '$2a$10$7ohEe44YWDHbULmG351QweFeU0ko6LzfLoDK..KJmCSA1Ca7ULaqK', 'Unkown20@biblos.test', '1000000020', 22, NULL, '2021-09-10 13:59:01', NULL, '2021-09-10 13:59:01', 'Gerant showroom', '7', 'menu:dashboard,menu:stock,menu:inventory,menu:customer_sale,menu:customer_invoice,invoice_showroom:list,article:stock_qty,transfer:list,transfer:validate,transfer:cancel,transfer: detail,transfer:print_voucher,stock_movement:list,stock_movement:print,depot_inventory:print,depot_inventory:list,depot_inventory:detail,customer_order:add,customer_order:list,customer_order:delivery,delivery:add,delivery:list,delivery:detail,delivery:print_voucher,asset:add,asset:update,asset:detail,asset:lister,invoice_showroom:add,invoice_showroom:detail,invoice_showroom:print_invoice,stock:article_list,dashboard:transfer', 1, 0, 1),
(29, '1234567829', 'ANGRE', 'SHOWROOM ', 'SHangre654', '$2a$10$7ohEe44YWDHbULmG351QweFeU0ko6LzfLoDK..KJmCSA1Ca7ULaqK', 'Unkown21@biblos.test', '1000000021', 21, NULL, '2021-09-10 13:59:01', NULL, '2021-09-10 13:59:01', 'Gerant showroom', '7', 'menu:dashboard,menu:stock,menu:inventory,menu:customer_sale,menu:customer_invoice,invoice_showroom:list,article:stock_qty,transfer:list,transfer:validate,transfer:cancel,transfer: detail,transfer:print_voucher,stock_movement:list,stock_movement:print,depot_inventory:print,depot_inventory:list,depot_inventory:detail,customer_order:add,customer_order:list,customer_order:delivery,delivery:add,delivery:list,delivery:detail,delivery:print_voucher,asset:add,asset:update,asset:detail,asset:lister,invoice_showroom:add,invoice_showroom:detail,invoice_showroom:print_invoice,stock:article_list,dashboard:transfer', 1, 0, 1),
(30, '1234567830', 'VGE', 'SHOWROOM ', 'SHvge159', '$2a$10$7ohEe44YWDHbULmG351QweFeU0ko6LzfLoDK..KJmCSA1Ca7ULaqK', 'Unkown22@biblos.test', '1000000022', 20, NULL, '2021-09-10 13:59:01', NULL, '2021-09-10 13:59:01', 'Gerant showroom', '7', 'menu:dashboard,menu:stock,menu:inventory,menu:customer_sale,menu:customer_invoice,invoice_showroom:list,article:stock_qty,transfer:list,transfer:validate,transfer:cancel,transfer: detail,transfer:print_voucher,stock_movement:list,stock_movement:print,depot_inventory:print,depot_inventory:list,depot_inventory:detail,customer_order:add,customer_order:list,customer_order:delivery,delivery:add,delivery:list,delivery:detail,delivery:print_voucher,asset:add,asset:update,asset:detail,asset:lister,invoice_showroom:add,invoice_showroom:detail,invoice_showroom:print_invoice,stock:article_list,dashboard:transfer', 1, 0, 1),
(31, '1234567831', 'TIP', 'DEPOT ', 'SHtip321', '$2a$10$7ohEe44YWDHbULmG351QweFeU0ko6LzfLoDK..KJmCSA1Ca7ULaqK', 'Unkown23@biblos.test', '1000000023', 16, NULL, '2021-09-10 13:59:01', NULL, '2021-09-10 13:59:01', 'Gerant showroom', '7', 'menu:dashboard,menu:stock,menu:inventory,menu:customer_sale,menu:customer_invoice,invoice_showroom:list,article:stock_qty,transfer:list,transfer:validate,transfer:cancel,transfer: detail,transfer:print_voucher,stock_movement:list,stock_movement:print,depot_inventory:print,depot_inventory:list,depot_inventory:detail,customer_order:add,customer_order:list,customer_order:delivery,delivery:add,delivery:list,delivery:detail,delivery:print_voucher,asset:add,asset:update,asset:detail,asset:lister,invoice_showroom:add,invoice_showroom:detail,invoice_showroom:print_invoice,stock:article_list,dashboard:transfer', 1, 0, 1),
(32, '1234567832', ' CNPS', 'SHOWROOM PLATEAU', 'SHplateau456', '$2a$10$7ohEe44YWDHbULmG351QweFeU0ko6LzfLoDK..KJmCSA1Ca7ULaqK', 'Unkown24@biblos.test', '1000000024', 10, NULL, '2021-09-10 13:59:01', NULL, '2021-09-10 13:59:01', 'Gerant showroom', '7', 'menu:dashboard,menu:stock,menu:inventory,menu:customer_sale,menu:customer_invoice,invoice_showroom:list,article:stock_qty,transfer:list,transfer:validate,transfer:cancel,transfer: detail,transfer:print_voucher,stock_movement:list,stock_movement:print,depot_inventory:print,depot_inventory:list,depot_inventory:detail,customer_order:add,customer_order:list,customer_order:delivery,delivery:add,delivery:list,delivery:detail,delivery:print_voucher,asset:add,asset:update,asset:detail,asset:lister,invoice_showroom:add,invoice_showroom:detail,invoice_showroom:print_invoice,stock:article_list,dashboard:transfer', 1, 0, 1),
(33, '1234567833', ' LOUBNA', 'SHOWROOM ADJAME', 'SHadjame698', '$2a$10$7ohEe44YWDHbULmG351QweFeU0ko6LzfLoDK..KJmCSA1Ca7ULaqK', 'Unkown25@biblos.test', '1000000025', 8, NULL, '2021-09-10 13:59:01', NULL, '2021-09-10 13:59:01', 'Gerant showroom', '7', 'menu:dashboard,menu:stock,menu:inventory,menu:customer_sale,menu:customer_invoice,invoice_showroom:list,article:stock_qty,transfer:list,transfer:validate,transfer:cancel,transfer: detail,transfer:print_voucher,stock_movement:list,stock_movement:print,depot_inventory:print,depot_inventory:list,depot_inventory:detail,customer_order:add,customer_order:list,customer_order:delivery,delivery:add,delivery:list,delivery:detail,delivery:print_voucher,asset:add,asset:update,asset:detail,asset:lister,invoice_showroom:add,invoice_showroom:detail,invoice_showroom:print_invoice,stock:article_list,dashboard:transfer', 1, 0, 1),
(34, '1234567834', '(TOURE)', 'MAGASIN PLATEAU ', 'SHplateau952', '$2a$10$7ohEe44YWDHbULmG351QweFeU0ko6LzfLoDK..KJmCSA1Ca7ULaqK', 'Unkown26@biblos.test', '1000000026', 6, NULL, '2021-09-10 13:59:01', NULL, '2021-09-10 13:59:01', 'Gerant showroom', '7', 'menu:dashboard,menu:stock,menu:inventory,menu:customer_sale,menu:customer_invoice,invoice_showroom:list,article:stock_qty,transfer:list,transfer:validate,transfer:cancel,transfer: detail,transfer:print_voucher,stock_movement:list,stock_movement:print,depot_inventory:print,depot_inventory:list,depot_inventory:detail,customer_order:add,customer_order:list,customer_order:delivery,delivery:add,delivery:list,delivery:detail,delivery:print_voucher,asset:add,asset:update,asset:detail,asset:lister,invoice_showroom:add,invoice_showroom:detail,invoice_showroom:print_invoice,stock:article_list,dashboard:transfer', 1, 0, 1),
(200001, '7758144846', 'Test', 'Test', 'TTest232', '$2a$10$YSTiGFWGDXFC02o9DTaeeOrCw6v69vagnLQ/mW73iPoRDS12IyVti', 'Adabre@vne-ci.com', '0141725351', 3, NULL, '2021-10-01 12:31:26', '2021-10-01 12:30:18', '2021-09-16 12:45:58', 'Responsable commercial', '5', 'menu:dashboard,menu:article,menu:stock,menu:customer,menu:customer_sale,menu:customer_invoice,menu_after_sale_service,menu_statistic,invoice_showroom:list,article:update,article:list,article:catalogue,article:customer_catalogue,article:customer_catalogue_by_family,article:stock_state,article: exporte_to_excel,article:stock_qty,article_family:add,article_family:update,article_family:list,article_sub_family:add,article_sub_family:update,article_sub_family:list,stock_entry:list,stock_output:list,transfer:print,transfer:add,transfer:update,transfer:list,transfer:validate,transfer:cancel,transfer: detail,stock_movement:list,stock_movement:print,depot_inventory:list,depot_inventory:detail,customer_inventory:list,customer_inventory:detail,supplier_order_stock:list,customer:add,customer:update,customer:list,customer:detail,promotion:add,promotion:update,promotion:list,promotion:detail,estimate:add,estimate:update,estimate:list,estimate:delete,estimate:detail,estimate:print,customer_order:add,customer_order:update,customer_order:list,customer_order:delete,customer_order:delivery,customer_order:print,customer_order:detail,delivery:add,delivery:list,delivery:invoiced,delivery:detail,delivery:print_voucher,delivery:print_invoice,delivery:add_asset,asset:add,asset:detail,asset:lister,asset:print_invoice,sale_history:list,sale_history:print,invoice_showroom:add,invoice_showroom:detail,invoice_showroom:print_invoice,invoice_showroom:print_liste,invoice_customer:add,invoice_customer:update,invoice_customer:list,invoice_customer:detail,invoice_customer:print_invoice,invoice_customer:print_list,invoice_relaunch:list,invoice_relaunch:print_list,stock:article_list,invoice_showroom:asset', 1, 1, 0);


--
-- Déchargement des données de la table `user_role`
--

INSERT INTO `user_role` (`id`, `user_id`, `role_id`, `is_active`) VALUES
(2, 1, 1, 1),
(3, 2, 2, 1),
(4, 3, 3, 1),
(5, 4, 10, 1),
(6, 5, 11, 1),
(7, 6, 5, 1),
(8, 7, 7, 1),
(9, 8, 8, 1),
(10, 11, 9, 1),
(11, 12, 12, 0),
(12, 13, 12, 0),
(13, 19, 3, 1),
(14, 18, 12, 1),
(15, 17, 12, 1),
(16, 15, 3, 1),
(17, 16, 12, 1),
(18, 34, 7, 1),
(19, 33, 7, 1),
(20, 32, 7, 1),
(21, 31, 7, 1),
(22, 30, 7, 1),
(23, 29, 7, 1),
(24, 28, 7, 1),
(25, 27, 7, 1),
(26, 26, 7, 1),
(27, 25, 7, 1),
(28, 24, 7, 1),
(29, 23, 7, 1),
(30, 22, 7, 1),
(31, 21, 7, 1),
(32, 14, 5, 1),
(33, 20, 11, 1);